{"Discriminator Loss": 4.1582228732295334e-05, "Generator Loss": 28.10434913635254, "_timestamp": 1714401874.8995132, "_runtime": 1014.288488149643, "_step": 21, "_wandb": {"runtime": 1015}}