{"Discriminator Loss": 0.0, "Generator Loss": 100.5257568359375, "_timestamp": 1714403005.10176, "_runtime": 1100.01984000206, "_step": 22}