{"Discriminator Loss": 0.0, "Generator Loss": 85.04315185546875, "_timestamp": 1714400781.2763097, "_runtime": 1076.8496327400208, "_step": 20, "_wandb": {"runtime": 1150}}